<?xml version="1.0" encoding="UTF-8" standalone="yes"?>
<addon id="plugin.video.aliundek19" name="Aliunde" provider-name="Aliunde" version="0.1.5">
    <requires>
	    <import addon="script.module.six" version="0.0.1"/>
		<import addon="script.module.requests"/>
        <import addon="script.module.resolveurl"/>
    </requires>
    <extension library="default.py" point="xbmc.python.pluginsource">
        <provides>video</provides>
    </extension>
	<extension library="resources/modules/" point="xbmc.python.module" />
    <extension library="resources/sources/" point="xbmc.python.module" />
    <extension library="resources/" point="xbmc.python.module" />
    <extension point="xbmc.addon.metadata">
        <reuselanguageinvoker>true</reuselanguageinvoker>
	<reuselanguageinvoker>true</reuselanguageinvoker>
        <summary lang="en">Classic TV Shows and Movies with a mixture of new content, 1 Click Links</summary>
        <description lang="en">Aliunde K19[CR]Fork of shadow, Full Credits to AA and Loki.[CR]Thank you to Narcacist for Assistance.[CR][COLOR yellow]NEWS: Play from here now works in One Click Links.[CR]Option added "Clear section watched" in the context menu.[/COLOR][CR]Please do NOT post this add-on on Youtube, Facebook, Blogs or anywhere on the internet, thank you.</description>
        <platform>all</platform>
        <license>GNU GENERAL PUBLIC LICENSE. Version 3, 29 June 2007</license>
        <forum />
        <website />
        <source />
        <disclaimer lang="en">The author of this add-on does not host any of the content which is found and has no affiliation with any of the content providers. This add-on simply searches websites for content. Use at your own risk!</disclaimer>
        <assets>
            <icon>icon.png</icon>
            <fanart>fanart.jpg</fanart>
        </assets>
        <news>

        </news>
    </extension>
</addon>
