<addon id="plugin.video.dradis" name="Dradis" provider-name="kodifitzwell" version="3.9.7">
	<requires>
		<import addon="xbmc.python" version="3.0.0" />
		<import addon="script.module.requests" />
		<import addon="script.module.beautifulsoup4" />
		<import addon="plugin.video.youtube" optional="true" />
	</requires>
	<extension point="xbmc.python.pluginsource" library="dradis.py">
		<provides>video</provides>
	</extension>
	<extension point="xbmc.service" library="service.py" start="startup" />
	<extension point="xbmc.python.module" library="resources/lib/" />
	<extension point="xbmc.addon.metadata">
		<reuselanguageinvoker>true</reuselanguageinvoker>
		<summary lang="en">[COLOR red]Dradis[/COLOR] - We do not host any of the contents streamed</summary>
		<description lang="en">[B][COLOR red]Dradis[/COLOR][/B][CR]This addon does not form part of the Kodi Media Centre. Please do not seek assistance with this addon from any of the Official Kodi Support Channels.[CR]The author does not host any of the content in this addon and takes no responsibility for content found</description>
		<platform>all</platform>
		<license>GNU GENERAL PUBLIC LICENSE. Version 3, 29 June 2007</license>
		<forum />
		<disclaimer lang="en">The author of this addon does not host any of the content which is found and have no affiliation with any of the content providers. This addon simply searches websites for content. Use at your own risk!</disclaimer>
		<assets>
			<icon>icon.png</icon>
			<fanart>fanart.jpg</fanart>
		</assets>
		<news>
[B][COLOR red]Update - September 2023[/COLOR][/B]
[COLOR yellow]--[/COLOR][I] Removed metahandlers dependency for local watched tracking.  Local watched still only available for movies/episodes, will finish code for tvshows/seasons and resume progress as time permits.[/I]


[B][COLOR red]Update - September 2023[/COLOR][/B]
[COLOR yellow]--[/COLOR][I] "Prefer TMDB artwork" setting now includes TMDB logo art, which is only slightly faster than Fanart.tv.[/I]
[COLOR yellow]--[/COLOR][I] "Flatten TV seasons" setting now includes "One Season", when only one season available episodes will list without season list.[/I]
[COLOR yellow]--[/COLOR][I] Limited set of FenomScrapers (8 sources) included and managed within the addon.[/I]
[COLOR yellow]--[/COLOR][I] ListItem updates for Kodi 20 Nexus.[/I]
[COLOR yellow]--[/COLOR][I] Other changes.[/I]
		</news>
	</extension>
</addon>
