{
    "name" : "[COLOR lightsaltegray]Coalition[/COLOR]",
    "plugin" : "plugin.video.coalition",
    "priority" : 35,
    "is_resolvable": "true",
    "play_movie" : "plugin://plugin.video.coalition/?mode=play_media&media_type=movie&query={name}&year={year}&poster={poster}&title={title}&tmdb_id={id}",
    "play_episode" : "plugin://plugin.video.coalition/?mode=play_media&media_type=episode&query={showname}&year={year}&season={season}&episode={episode}&ep_name={title}&tmdb_id={tmdb}&premiered={firstaired}"
}
