<?xml version="1.0" encoding="UTF-8"?>
<window type="dialog" id="1107">
	<defaultcontrol always="true">9000</defaultcontrol>
	<include>Animation_DialogPopupOpenClose</include>
	<controls>
		<control type="group">
			<centerleft>50%</centerleft>
			<width>600</width>
			<centertop>60%</centertop>
			<height>700</height>
			<include content="DialogBackgroundCommons">
				<param name="width" value="600" />
				<param name="height" value="80" />
				<param name="header_label" value="$LOCALIZE[137]" />
				<param name="header_id" value="" />
			</include>
			<control type="panel" id="9000">
				<include>ButtonMenuList</include>
				<content>
					<item>
						<label>Movies</label>
						<onclick>Dialog.Close(all)</onclick>
						<onclick>ActivateWindow(1135)</onclick>
					</item>
					<item>
						<label>TV Shows</label>
						<onclick>Dialog.Close(all)</onclick>
						<onclick>ActivateWindow(1136)</onclick>
					</item>

					<item>
						<label>Actors</label>
						<onclick>Dialog.Close(all)</onclick>
						<onclick>PlayMedia(plugin://plugin.video.pov/?mode=get_search_term&amp;search_type=people)</onclick>
					</item>
					<item>
						<label>Youtube</label>
						<onclick>Dialog.Close(all)</onclick>
						<onclick condition="System.AddonIsEnabled(plugin.video.youtube)">
							ActivateWindow(videos,plugin://plugin.video.youtube/kodion/search/list/,return)</onclick>
						<onclick
							condition="System.HasAddon(plugin.video.youtube) + !System.AddonIsEnabled(plugin.video.youtube)">
							EnableAddon(plugin.video.youtube)</onclick>
						<onclick condition="!System.HasAddon(plugin.video.youtube)">
							InstallAddon(plugin.video.youtube)</onclick>
					</item>
				</content>
			</control>
		</control>
	</controls>
</window>