<?xml version="1.0" encoding="UTF-8"?>
<includes>
    <include name="TVShowWidgets">
        <include content="WidgetListPoster1">
            <param name="content_path" value="plugin://plugin.video.pov/?name=32460&amp;iconImage=fresh.png&amp;mode=build_tvshow_list&amp;action=tmdb_tv_premieres"/>
            <param name="widget_header" value="Premieres"/>
            <param name="widget_target" value="videos"/>
            <param name="list_id" value="22010"/>
        </include>
        <include content="WidgetListPoster2">
            <param name="content_path" value="plugin://plugin.video.pov/?name=32458&amp;iconImage=trending.png&amp;mode=build_tvshow_list&amp;action=trakt_tv_trending"/>
            <param name="widget_header" value="Trending"/>
            <param name="widget_target" value="videos"/>
            <param name="list_id" value="22011"/>
        </include>
    </include>
</includes>