<?xml version="1.0" encoding="UTF-8"?>
<includes>
    <include name="TraktWidgetsTop">
        <include content="WidgetListPoster1">
            <param name="content_path" value="plugin://plugin.video.pov/?action=trakt_collection_lists&amp;iconImage=C%3a%5cUsers%5cDESKTOP%5cAppData%5cRoaming%5cKodi%5caddons%5cplugin.video.pov%5cresources%5cmedia%5ctrakt.png&amp;mode=build_movie_list&amp;new_page=recent"/>
            <param name="widget_header" value="Recently Added Movies"/>
            <param name="widget_target" value="videos"/>
            <param name="list_id" value="23010"/>
        </include>
    </include>
</includes>