<?xml version="1.0" encoding="UTF-8"?>
<window type="dialog" id="1119">
	<defaultcontrol always="true">9000</defaultcontrol>
	<include>Animation_DialogPopupOpenClose</include>
	<controls>
		<control type="group">
			<centerleft>50%</centerleft>
			<width>600</width>
			<centertop>60%</centertop>
			<height>700</height>
			<include content="DialogBackgroundCommons">
				<param name="width" value="600" />
				<param name="height" value="80" />
				<param name="header_label" value="Trakt & Debrid Manager" />
				<param name="header_id" value="" />
			</include>
			<control type="panel" id="9000">
				<include>ButtonMenuList</include>
				<onback>Dialog.Close(1119)</onback>
				<onback>ActivateWindow(1106)</onback>
				<content>
					<item>
						<label>Authorize Trakt</label>
						<onclick>Dialog.Close(all)</onclick>
						<onclick>RunPlugin(plugin://plugin.video.pov/?mode=trakt.trakt_auth)</onclick>
					</item>
					<item>
						<label>Enable Trakt Menu</label>
						<onclick>Dialog.Close(all)</onclick>
						<onclick>ActivateWindowAndFocus(skinsettings,9000,0,628,3)</onclick>
					</item>
					<item>
						<label>Authorize Real-Debrid</label>
						<onclick>Dialog.Close(all)</onclick>
						<onclick>RunPlugin(plugin://plugin.video.pov/?mode=real_debrid.rd_auth)</onclick>
					</item>
					<item>
						<label>Authorize Premiumize</label>
						<onclick>Dialog.Close(all)</onclick>
						<onclick>RunPlugin(plugin://plugin.video.pov/?mode=premiumize.pm_auth)</onclick>
					</item>
					<item>
						<label>Authorize All-Debrid</label>
						<onclick>Dialog.Close(all)</onclick>
						<onclick>RunPlugin(plugin://plugin.video.pov/?mode=alldebrid.ad_auth)</onclick>
					</item>
				</content>
			</control>
		</control>
	</controls>
</window>
