<?xml version="1.0" encoding="UTF-8"?>
<window type="dialog" id="1114">
	<defaultcontrol always="true">9000</defaultcontrol>
	<include>Animation_DialogPopupOpenClose</include>
	<controls>
		<control type="group">
			<centerleft>50%</centerleft>
			<width>600</width>
			<centertop>60%</centertop>
			<height>700</height>
			<include content="DialogBackgroundCommons">
				<param name="width" value="600" />
				<param name="height" value="80" />
				<param name="header_label" value="Build Tools" />
				<param name="header_id" value="" />
			</include>
			<control type="panel" id="9000">
				<include>ButtonMenuList</include>
				<onback>Dialog.Close(1114)</onback>
				<onback>ActivateWindow(1106)</onback>
				<content>
					<item>
						<label>709 Wizard</label>
						<onclick>Dialog.Close(all)</onclick>
						<onclick>RunAddon(plugin.program.709DVwiz)</onclick>
					</item>
					<item>
						<label>Build Menu</label>
						<onclick>Dialog.Close(all)</onclick>
						<onclick>ActivateWindow(10001,plugin://plugin.program.709DVwiz/?mode=1&amp;name=Build%20Menu)</onclick>
					</item>
					<item>
						<label>Restore GUI Settings</label>
						<onclick>Dialog.Close(all)</onclick>
						<onclick>PlayMedia(plugin://plugin.program.709DVwiz/?mode=20&amp;name=Restore+GUI+Settings)</onclick>
					</item>
					<item>
						<label>Restore Skin Settings</label>
						<onclick>Dialog.Close(all)</onclick>
						<onclick>PlayMedia(plugin://plugin.program.709DVwiz/?mode=21&amp;name=Restore+Skin+Settings)</onclick>
					</item>
				</content>
			</control>
		</control>
	</controls>
</window>
