<?xml version="1.0" encoding="UTF-8"?>
<window type="dialog" id="1106">
	<defaultcontrol always="true">9000</defaultcontrol>
	<include>Animation_DialogPopupOpenClose</include>
	<controls>
		<control type="group">
			<centerleft>50%</centerleft>
			<width>600</width>
			<centertop>60%</centertop>
			<height>700</height>
			<include content="DialogBackgroundCommons">
				<param name="width" value="600" />
				<param name="height" value="80" />
				<param name="header_label" value="Maintenance & Tools" />
				<param name="header_id" value="" />
			</include>
			<control type="panel" id="9000">
				<include>ButtonMenuList</include>
				<content>
					<item>
						<label>Maintenance</label>
						<onclick>Dialog.Close(all)</onclick>
						<onclick>ActivateWindow(1130)</onclick>
					</item>
					<item>
						<label>Trakt & Debrid</label>
						<onclick>Dialog.Close(all)</onclick>
						<onclick>ActivateWindow(1119)</onclick>
					</item>
                              <item>
						<label>Build Tools</label>
						<onclick>Dialog.Close(all)</onclick>
						<onclick>ActivateWindow(1114)</onclick>
					</item>
					<item>
						<label>Organize Favourites</label>
						<onclick>Dialog.Close(all)</onclick>
						<onclick>RunAddon(plugin.program.orderfavourites)</onclick>
					</item>
                              <item>
						<label>Customize Skin</label>
						<onclick>Dialog.Close(all)</onclick>
						<onclick>ActivateWindow(1124)</onclick>
					</item>
					<item>
						<label>Video Cache Config</label>
						<onclick>Dialog.Close(all)</onclick>
						<onclick>PlayMedia(plugin://plugin.program.709DVwiz/?mode=8)</onclick>
					</item>
				</content>
			</control>
		</control>
	</controls>
</window>
