<?xml version="1.0" encoding="UTF-8"?>
<window type="dialog" id="1129">
	<defaultcontrol always="true">9000</defaultcontrol>
	<include>Animation_DialogPopupOpenClose</include>
	<controls>
		<control type="group">
			<centerleft>50%</centerleft>
			<width>600</width>
			<centertop>60%</centertop>
			<height>700</height>
			<include content="DialogBackgroundCommons">
				<param name="width" value="600" />
				<param name="height" value="80" />
				<param name="header_label" value="Clean Kodi" />
				<param name="header_id" value="" />
			</include>
			<control type="panel" id="9000">
				<include>ButtonMenuList</include>
				<onback>Dialog.Close(1129)</onback>
				<onback>ActivateWindow(1130)</onback>
				<content>
					<item>
						<label>Clear Kodi Packages</label>
						<onclick>PlayMedia(plugin://plugin.program.709DVwiz/?mode=6)</onclick>
					</item>
					<item>
						<label>Clear Kodi Thumbnails</label>
						<onclick>PlayMedia(plugin://plugin.program.709DVwiz/?mode=7)</onclick>
					</item>
				</content>
			</control>
		</control>
	</controls>
</window>
