<?xml version="1.0" encoding="UTF-8"?>
<window type="dialog" id="1136">
	<defaultcontrol always="true">9000</defaultcontrol>
	<include>Animation_DialogPopupOpenClose</include>
	<controls>
		<control type="group">
			<centerleft>50%</centerleft>
			<width>600</width>
			<centertop>60%</centertop>
			<height>700</height>
			<include content="DialogBackgroundCommons">
				<param name="width" value="600" />
				<param name="height" value="80" />
				<param name="header_label" value="Search TV Shows" />
				<param name="header_id" value="" />
			</include>
			<control type="panel" id="9000">
				<include>ButtonMenuList</include>
				<onback>Dialog.Close(1136)</onback>
				<onback>ActivateWindow(1107)</onback>
				<content>
					<item>
						<label>TV Shows</label>
						<onclick>Dialog.Close(all)</onclick>
						<onclick>PlayMedia(plugin://plugin.video.pov/?mode=get_search_term&amp;media_type=tv_show)</onclick>
					</item>
					<item>
						<label>Multi-Select TV Genres</label>
						<onclick>Dialog.Close(all)</onclick>
						<onclick>PlayMedia(plugin://plugin.video.pov/?mode=navigator.multiselect_genres&amp;genre_list=%7B%22Action+%26+Adventure%22%3A+%5B%2210759%22%2C+%22genre_action%22%5D%2C+%22Animation%22%3A+%5B%2216%22%2C+%22genre_animation%22%5D%2C+%22Comedy%22%3A+%5B%2235%22%2C+%22genre_comedy%22%5D%2C+%22Crime%22%3A+%5B%2280%22%2C+%22genre_crime%22%5D%2C+%22Documentary%22%3A+%5B%2299%22%2C+%22genre_documentary%22%5D%2C+%22Drama%22%3A+%5B%2218%22%2C+%22genre_drama%22%5D%2C+%22Family%22%3A+%5B%2210751%22%2C+%22genre_family%22%5D%2C+%22Kids%22%3A+%5B%2210762%22%2C+%22genre_kids%22%5D%2C+%22Mystery%22%3A+%5B%229648%22%2C+%22genre_mystery%22%5D%2C+%22News%22%3A+%5B%2210763%22%2C+%22genre_news%22%5D%2C+%22Reality%22%3A+%5B%2210764%22%2C+%22genre_reality%22%5D%2C+%22Sci-Fi+%26+Fantasy%22%3A+%5B%2210765%22%2C+%22genre_scifi%22%5D%2C+%22Soap%22%3A+%5B%2210767%22%2C+%22genre_talk%22%5D%2C+%22War+%26+Politics%22%3A+%5B%2210768%22%2C+%22genre_war%22%5D%2C+%22Western%22%3A+%5B%2237%22%2C+%22genre_western%22%5D%7D&amp;menu_type=tvshow&amp;isFolder=false&amp;iconImage=https%3A%2F%2Fi.imgur.com%2F6QpJbS0.png)</onclick>
					</item>
					<item>
						<label>IMDb Keywords</label>
						<onclick>Dialog.Close(all)</onclick>
						<onclick>PlayMedia(plugin://plugin.video.pov/?mode=get_search_term&amp;search_type=imdb_keyword&amp;media_type=tvshow)</onclick>
					</item>
				</content>
			</control>
		</control>
	</controls>
</window>
