<?xml version="1.0" encoding="UTF-8"?>
<includes>
    <include name="MovieWidgets">
        <include content="WidgetListPoster1">
            <param name="content_path" value="plugin://plugin.video.pov/?name=32460&amp;iconImage=fresh.png&amp;action=tmdb_movies_premieres&amp;mode=build_movie_list"/>
            <param name="widget_header" value="Premieres"/>
            <param name="widget_target" value="videos"/>
            <param name="list_id" value="19010"/>
        </include>
        <include content="WidgetListPoster2">
            <param name="content_path" value="plugin://plugin.video.pov/?name=32458&amp;iconImage=trending.png&amp;mode=build_movie_list&amp;action=trakt_movies_trending"/>
            <param name="widget_header" value="Trending"/>
            <param name="widget_target" value="videos"/>
            <param name="list_id" value="19011"/>
        </include>
    </include>
</includes>