{
    "name": "[COLOR FF0452A4][B]afFENity[/B][/COLOR]",
    "plugin": "plugin.video.affenity",
    "priority": 12,     
    "is_resolvable" : "true", 
    "play_movie": "plugin://plugin.video.affenity/?mode=playback.media&media_type=movie&query={name}&year={year}&poster={poster}&title={title}&tmdb_id={id}&autoplay=false",
    "play_episode": "plugin://plugin.video.affenity/?mode=playback.media&media_type=episode&query={showname}&year={year}&season={season}&episode={episode}&ep_name={title}&tmdb_id={tmdb}&premiered={firstaired}&autoplay=false"
}