{
    "name"              : "[COLOR orange]Scrubs v2[/COLOR]",
    "plugin"            : "plugin.video.scrubsv2",
    "is_resolvable"     : "true",
    "priority"          : 10,
    "assert"            : {
                            "play_movie":       ["title", "year"],
                            "play_episode":     ["showname", "season", "episode"],
                            "search_movie":     ["title"],
                            "search_episode":   ["showname"]
                          },
    "play_movie"        : [
                            "plugin://plugin.video.scrubsv2/?action=movies_searchterm&select=movies&name={title_url}",
                            {"title": "(?i)^(\\[.*\\])?.*{title}.*(\\[.*\\])?$", "year": "{year}"}
                          ],
    "play_episode"      : [
                            "plugin://plugin.video.scrubsv2/?action=tvshows_searchterm&select=tvshow&name={showname_url}",
                            {"title": "(?i)^(\\[.*\\])?{showname}(\\[.*\\])?$"},
                            {"return": "true", "season": "^{season}$", "episode": "^{episode}$"},
                            {"season": "^{season}$"},
                            {"season": "^{season}$", "episode": "^{episode}$"}
                          ]
}