<?xml version="1.0" encoding="UTF-8" standalone="yes"?>
<addon id="plugin.program.pchger" name="Player Helper" version="99.0.5" provider-name="Zaxxon709">
	<requires>
		<import addon="xbmc.python" version="3.0.0"/>
	</requires>
	<extension point="xbmc.python.pluginsource" library="addon.py">
		<provides>executable</provides>
	</extension>
	<extension point="xbmc.addon.metadata">
		<summary lang="en_GB">Manage your TMDb Helper players</summary>
		<description lang="en_GB">Manage your TMDb Helper players</description>
		<disclaimer lang="en_GB">This Addon contains no content</disclaimer>
		<language>en</language>
		<platform>all</platform>
		<license>GPL-2.0-or-later</license>
		<forum></forum>
		<website></website> 
		<email></email>
		<source></source>
		<news>
			99.0.5 - Fixed Base player
			99.0.4 - Fixed Fen Light and afFENity players 
			99.0.3 - Added Fen Light and afFENity.
			99.0.2 - Minor bug fixes.
			99.0.1 - Cleaned up code.
			99.0.0 - Initial Release. 
		</news>
		<assets>
			<icon>icon.png</icon>
			<fanart>fanart.jpg</fanart>
		</assets>
	</extension>
</addon>