<?xml version="1.0" encoding="UTF-8" standalone="yes"?>
<addon id="script.module.autoinstall" name="7o9 AutoInstaller" version="99.0.1" provider-name="Slam, Zaxxon709">
	<requires>
		<import addon="xbmc.python" version="3.0.0"/>
	</requires>
	<extension point="xbmc.service" library="resources/lib/modules/startup.py" start="startup" />
	<extension point="xbmc.python.pluginsource" library="addon.py">
		<provides>executable</provides>
	</extension>
	<extension point="xbmc.addon.metadata">
		<summary lang="en_GB">Add-on installer</summary>
		<description lang="en_GB">7o9 Builds add-on installer</description>
		<disclaimer lang="en_GB">7o9 Builds add-on installer</disclaimer>
		<language>en</language>
		<platform>all</platform>
		<license>GPL-2.0-or-later</license>
		<forum></forum>
		<website></website> 
		<email></email>
		<source></source>
		<news>
			99.0.1 - Modded AutoInstaller. Added the ability to create your own list of add-ons to install.
			99.0.0 - Forked AutoInstaller. Initial Release.
		</news>
		<assets>
			<icon>icon.png</icon>
			<fanart>fanart.jpg</fanart>
		</assets>
	</extension>
</addon>